municipio;0-4;5-9;10-14;15-19;20-24;25-29;30-34;35-39;40-44;45-49;50-54;55-59;60-64;65-69;70-74;75-79;80-84;oltre;totale;zona_urbanistica
1;408;520;799;969;916;988;1149;1395;1429;1623;1984;2103;1931;1557;1285;1287;1043;1141;22527;1a
1;247;355;499;512;538;598;718;782;839;953;1078;1158;1029;889;769;713;525;554;12756;1b
1;197;268;298;363;387;407;389;444;497;596;695;749;753;642;476;405;322;435;8323;1c
1;184;225;282;282;250;321;445;403;464;561;647;648;626;504;420;375;315;377;7329;1d
1;809;979;1245;1366;1339;1453;1657;2023;2347;2566;2817;2915;2722;2078;1844;1624;1204;1381;32369;1e
1;167;232;301;326;340;420;463;490;575;627;772;793;655;575;437;467;411;490;8541;1f
1;75;119;145;167;159;165;143;206;224;244;345;351;308;244;215;218;179;185;3692;1g
1;8;11;15;18;12;24;26;55;63;71;71;64;73;61;33;30;27;35;697;1x
1;376;529;619;721;783;680;715;763;974;1135;1390;1495;1483;1195;1144;1036;821;979;16838;17a
1;622;814;1127;1254;1119;1065;1176;1163;1317;1706;2149;2318;2117;1763;1490;1487;1240;1463;25390;17b
1;507;578;757;652;691;817;1037;1025;1246;1318;1528;1495;1448;1239;1046;1030;865;1077;18356;17c
2;94;106;168;151;111;100;121;148;174;222;272;220;234;219;193;127;79;117;2856;2a
2;553;770;1072;1105;1167;1007;909;915;1215;1487;1908;2026;1791;1433;1130;1063;912;1113;21576;2b
2;333;430;605;640;568;499;557;559;669;818;1077;1181;1067;849;713;639;582;731;12517;2c
2;683;881;1201;1320;1297;1209;1092;1187;1331;1669;2158;2272;2098;1772;1354;1290;1101;1275;25190;2d
2;1570;2027;2362;2536;2442;2366;2659;2761;3029;3494;4161;4273;3861;3220;2827;2635;2127;2799;51149;2e
2;24;20;28;32;27;29;21;42;49;50;55;62;55;34;35;19;25;33;640;2x
2;23;31;50;34;38;28;42;40;52;58;69;76;65;55;49;43;30;44;827;2y
2;1190;1420;1700;1736;1766;2048;2176;2102;2235;2518;3035;2915;2862;2274;2148;2139;1694;1917;37875;3a
2;225;263;280;242;354;496;610;646;652;713;680;643;593;527;464;393;292;364;8437;3b
2;10;24;17;28;47;57;75;61;56;69;67;66;77;53;45;42;28;30;852;3x
2;5;3;4;4;6;15;15;14;12;16;12;16;22;19;12;11;8;19;213;3y
3;552;592;664;673;663;738;895;1028;1108;1119;1219;1356;1305;1084;929;788;580;754;16047;4a
3;1150;1438;1784;1797;1559;1357;1624;1801;2213;2690;3199;3016;2549;1823;1757;2309;2025;2053;36144;4b
3;1011;1337;1589;1667;1550;1491;1587;1680;1973;2337;2808;2926;2623;2036;1698;1612;1417;2026;33368;4c
3;407;496;587;549;564;558;653;753;809;895;973;972;891;739;608;505;368;449;11776;4d
3;1015;1275;1436;1331;1169;1342;1836;2040;2121;2563;2694;2384;2294;2257;2050;1700;1114;1006;31627;4e
3;515;613;658;751;662;649;739;873;945;1095;1390;1267;1071;873;656;657;418;414;14246;4f
3;715;804;750;783;761;813;1074;1169;1309;1330;1463;1489;1312;1118;978;996;892;1107;18863;4g
3;419;369;389;385;435;474;722;774;795;753;722;782;732;627;512;427;339;459;10115;4h
3;311;412;558;625;635;659;756;760;816;936;1126;1228;1164;950;742;622;489;707;13496;4i
3;44;64;105;77;89;98;93;101;108;136;162;169;127;107;99;80;66;86;1811;4l
3;185;203;259;262;242;250;330;345;394;454;450;446;421;322;244;195;162;193;5357;4m
3;250;386;416;450;383;371;361;424;524;617;679;693;533;391;334;290;201;195;7498;4n
3;16;27;29;35;30;34;34;44;52;50;72;57;54;53;37;35;21;24;704;4o
4;503;573;573;545;607;856;1084;1116;1190;1157;1202;1207;1116;854;721;758;653;839;15554;5a
4;667;713;821;822;866;1058;1278;1364;1406;1500;1694;1568;1457;1218;1281;1276;1016;991;20996;5b
4;655;718;806;847;908;975;1209;1293;1328;1406;1644;1539;1554;1279;1042;1000;830;1015;20048;5c
4;609;831;981;1010;946;956;1054;1103;1254;1370;1566;1535;1634;1701;1791;1727;1017;873;21958;5d
4;605;857;1111;1202;1314;1387;1295;1201;1298;1525;1942;2299;2332;1824;1318;1005;739;852;24106;5e
4;44;65;44;24;42;60;74;108;114;94;53;43;39;24;22;9;6;14;879;5f
4;410;447;452;472;539;742;899;926;903;982;1157;966;954;776;620;702;660;788;13395;5g
4;741;1019;1092;1128;1111;1225;1338;1449;1616;1731;2013;1925;1864;1915;1755;1589;1182;1085;25778;5h
4;284;384;542;748;782;658;528;432;513;772;1089;1238;936;486;305;275;218;183;10373;5i
4;438;576;661;630;630;660;834;910;877;1026;1123;984;908;751;576;463;327;353;12727;5l
5;46;60;93;107;99;80;86;101;124;135;140;168;176;126;114;103;60;66;1884;5f
5;1;0;1;2;2;0;4;2;0;2;3;2;4;3;3;0;0;4;33;5l
5;1477;1763;1798;1677;1878;2366;2947;3445;3862;3864;3681;3709;3388;2743;2058;1815;1506;2195;46172;6a
5;297;346;446;475;424;472;470;550;635;751;734;793;689;639;714;796;526;554;10311;6b
5;665;882;834;860;871;1074;1253;1587;1814;1941;1780;1697;1415;1117;845;716;567;766;20684;6c
5;1225;1477;1687;1767;1815;1992;2166;2321;2603;2803;3160;3464;3340;2555;2063;1967;1717;2549;40671;6d
5;1791;2141;2160;2175;2245;2640;3343;3743;4188;4324;4181;4309;4058;3087;2416;2064;1639;2441;52945;7a
5;865;1014;1217;1279;1260;1331;1481;1613;1865;2071;2269;2207;2006;1549;1225;1025;838;1116;26231;7b
5;383;515;587;640;579;612;713;722;803;873;1012;1033;922;731;674;552;462;551;12364;7c
5;337;420;477;506;521;542;586;553;615;654;759;800;847;631;553;411;292;334;9838;7d
5;380;433;487;466;454;500;616;583;645;716;763;804;818;826;748;650;413;383;10685;7e
5;29;41;35;52;43;48;55;62;70;68;83;78;78;54;37;27;16;35;911;7f
5;30;46;73;66;70;66;61;81;111;111;132;126;59;45;47;31;16;27;1198;7g
5;112;154;134;106;75;116;221;244;268;311;240;178;145;95;60;43;33;20;2555;7h
5;33;46;45;41;26;36;36;52;58;64;51;44;33;46;17;15;8;17;668;8d
6;667;716;895;977;966;1055;1164;1183;1253;1392;1585;1705;1533;1101;909;859;678;826;19464;8b
6;667;870;955;1055;1008;1130;1291;1351;1406;1609;1631;1649;1374;1081;903;775;595;660;20010;8c
6;296;346;413;404;275;309;402;490;502;661;691;526;332;248;224;186;113;114;6532;8d
6;1608;2115;2478;2087;1887;1898;2474;2905;3245;3667;3430;2711;2241;1821;1396;1154;756;644;38517;8e
6;3041;3973;4532;4848;4730;4594;5067;5642;6069;6931;7175;6756;6333;5092;4179;3441;2350;2298;87051;8f
6;2016;2606;2848;2933;2933;3007;3285;3566;3879;4193;4585;4244;3628;2648;2054;1824;1260;1156;52665;8g
6;660;800;959;858;724;719;809;995;1186;1306;1342;1080;919;687;549;451;279;241;14564;8h
7;436;544;606;584;640;711;764;797;752;849;999;1150;1172;957;687;505;489;843;13485;8a
7;537;652;807;795;794;1000;1223;1288;1413;1458;1754;1707;1534;1370;1242;1139;834;1037;20584;9a
7;1398;1689;1942;2004;1962;2239;2600;2818;3282;3529;3892;3957;3353;2809;2427;2369;1997;2649;46916;9b
7;89;99;105;111;109;108;156;174;205;202;231;210;159;127;98;72;43;50;2348;9c
7;779;915;989;1020;1027;1331;1575;1575;1734;1830;2095;2231;2087;1788;1609;1352;1105;1393;26435;9d
7;629;865;907;996;923;1058;1150;1241;1475;1669;1862;1897;1830;1454;1181;1087;937;1263;22424;9e
7;1539;1751;1859;1942;2082;2395;2885;3103;3215;3435;3845;3881;3693;2850;2353;2470;2210;3123;48631;10a
7;825;1008;1114;1264;1305;1344;1530;1581;1831;1984;2233;2359;2307;1963;1594;1368;1158;1617;28385;10b
7;314;416;529;579;466;424;465;549;618;853;959;949;826;597;548;534;407;481;10514;10c
7;187;252;303;324;310;316;301;344;383;463;543;560;548;461;350;346;259;331;6581;10d
7;157;227;302;364;244;254;271;245;335;480;588;474;404;253;197;171;116;104;5186;10e
7;532;669;694;717;673;797;1001;1144;1212;1202;1227;1239;1432;1701;1533;1181;702;657;18313;10f
7;286;348;381;354;349;451;524;584;622;619;696;625;546;401;299;216;166;176;7643;10g
7;232;328;355;390;397;372;427;454;487;592;641;586;492;380;331;301;216;237;7218;10h
7;402;618;939;1161;870;658;706;655;861;1354;1789;1379;1033;659;494;426;293;273;14570;10i
7;966;1168;1381;1464;1529;1461;1550;1720;1913;2036;2472;2570;2296;1784;1484;1425;951;931;29101;10l
7;1;1;3;6;6;8;5;7;10;4;13;17;8;0;2;2;1;1;95;10x
8;211;219;230;242;280;392;485;514;537;598;608;610;554;380;325;350;314;325;7174;11a
8;246;267;282;320;306;357;428;469;448;490;563;580;614;495;367;348;320;454;7354;11b
8;1230;1451;1599;1802;1788;2023;2267;2496;2779;3001;3552;3600;3369;2702;2215;2163;1928;2478;42443;11c
8;140;166;264;310;287;219;227;189;268;344;500;474;432;337;249;262;264;359;5291;11d
8;1043;1268;1604;1604;1419;1464;1619;1832;2160;2463;2789;2761;2543;2122;1699;1633;1349;1683;33055;11e
8;334;432;543;619;543;559;567;586;748;852;1054;969;920;786;740;691;512;506;11961;11f
8;412;508;731;860;706;602;624;672;796;1061;1289;1193;1045;1018;1107;1191;861;753;15429;11g
8;67;95;100;142;139;134;140;158;149;188;255;284;239;187;145;112;88;107;2729;11x
8;18;32;41;43;41;39;27;41;47;44;71;65;49;62;35;22;15;15;707;11y
9;238;364;424;501;459;438;371;399;485;572;750;853;850;597;424;398;326;585;9034;12a
9;291;382;490;544;509;455;515;531;562;692;866;901;784;589;510;451;390;575;10037;12b
9;1152;1523;1865;2104;2082;1985;1954;2040;2378;2710;3411;3866;3523;2633;2190;1820;1446;1479;40161;12c
9;647;842;954;1101;1157;1000;1115;1135;1335;1580;1971;1912;1758;1508;1458;1544;1240;1250;23507;12d
9;443;634;768;748;750;728;801;845;984;1065;1223;1131;1093;896;909;877;691;595;15181;12e
9;747;898;999;869;668;643;966;1160;1265;1484;1571;1246;996;739;579;508;348;363;16049;12f
9;682;911;1069;1151;1120;1116;1107;1234;1377;1494;1722;1985;1966;1822;1524;1241;1012;1193;23726;12g
9;1046;1263;1535;1835;1829;1758;2018;2154;2137;2409;2946;2849;2281;1611;1303;1106;722;768;31570;12h
9;382;458;450;538;455;477;500;523;582;721;780;811;615;516;349;336;222;233;8948;12i
9;71;106;150;138;135;147;138;137;198;224;220;223;191;127;130;106;59;62;2562;12l
9;3;16;16;6;13;13;13;19;24;16;18;27;33;19;11;10;9;13;279;12m
9;55;79;72;80;94;68;64;74;93;107;114;112;94;70;59;61;42;15;1353;12n
9;0;0;0;0;0;0;0;0;1;1;3;0;0;1;0;2;0;0;8;12x
10;602;753;954;980;873;762;977;1020;1219;1587;1904;1771;1219;858;723;598;448;357;17605;13a
10;911;1249;1439;1469;1526;1438;1525;1574;1865;2167;2309;2385;2065;1630;1300;1104;822;834;27612;13b
10;817;1051;1341;1391;1328;1303;1313;1421;1647;1912;2237;2214;1983;1518;1170;1079;788;837;25350;13c
10;627;973;1330;1578;1590;1365;1138;1036;1380;1873;2513;2514;2118;1441;1292;1425;1421;1337;26951;13d
10;604;802;1092;1017;958;897;920;946;1194;1500;1625;1540;1352;1020;794;666;511;431;17869;13e
10;1058;1532;1918;2022;2037;1937;1907;2069;2392;3038;3613;3725;3380;2767;2368;2342;1896;1893;41894;13f
10;871;1215;1573;1737;1767;1721;1546;1688;2035;2450;3117;3211;2905;2261;1965;1916;1548;1756;35282;13g
10;48;47;47;60;84;79;90;60;77;90;125;142;150;90;108;78;43;46;1464;13h
10;980;1277;1805;2025;1956;1583;1374;1529;1783;2421;3111;3022;2335;1541;1291;1230;864;790;30917;13i
10;1;1;13;10;5;4;7;6;6;9;17;25;8;0;3;1;0;0;116;13x
11;1103;1253;1322;1443;1454;1634;1881;2069;2320;2507;2913;2870;2414;1766;1448;1616;1463;1744;33220;15a
11;788;1072;1250;1375;1355;1197;1281;1351;1569;2022;2515;2465;2253;1699;1482;1486;1432;1772;28364;15b
11;664;815;1032;1102;1107;1089;1163;1225;1357;1744;2172;2141;1718;1314;1158;1349;1212;1108;23470;15c
11;837;1113;1329;1390;1432;1532;1584;1630;1823;2124;2458;2601;2335;1954;1608;1408;1029;1096;29283;15d
11;265;321;377;393;349;275;328;321;362;492;667;489;309;165;140;127;80;58;5518;15e
11;478;606;686;769;772;673;743;816;943;1150;1536;1456;1200;914;784;803;746;734;15809;15f
11;535;766;820;772;645;692;831;974;1118;1345;1382;1150;839;586;472;404;253;255;13839;15g
12;939;1246;1574;1649;1577;1545;1499;1514;1908;2317;3024;3143;2865;2263;1817;1824;1689;2211;34604;16a
12;793;1116;1365;1421;1410;1416;1469;1547;1738;2239;2665;2736;2477;1906;1559;1534;1341;1625;30357;16b
12;208;167;194;240;352;443;527;458;412;435;450;487;438;330;215;155;121;115;5747;16c
12;1427;1844;2159;2327;2201;2349;2517;2672;3200;3536;4391;4432;4177;3591;3042;2744;2246;3014;51869;16d
12;326;393;486;502;512;480;499;541;552;719;837;813;696;522;367;340;238;277;9100;16e
12;187;270;340;329;312;291;348;364;413;462;570;513;429;295;270;194;155;144;5886;16f
12;0;0;0;0;0;2;7;7;15;18;23;20;14;19;10;6;14;28;183;16x
13;599;751;1003;1069;1085;1069;1034;1184;1369;1641;2065;2227;1953;1602;1280;1359;1142;1427;23859;18a
13;949;1126;1358;1608;1514;1497;1744;1904;2247;2380;3115;3110;2553;1869;1458;1456;1242;1756;32886;18b
13;996;1199;1418;1514;1502;1396;1640;1869;1872;2208;2548;2626;2311;1864;1528;1264;918;944;29617;18c
13;444;593;688;780;839;798;829;938;1005;1192;1396;1593;1413;1113;990;949;833;1185;17578;18d
13;578;782;854;851;833;946;1060;1084;1174;1284;1448;1464;1296;1078;909;748;568;610;17567;18e
13;239;348;429;498;441;411;402;436;531;623;709;760;662;468;355;288;216;211;8027;18f
14;1192;1424;1701;1985;1947;1746;1825;1904;2198;2414;3156;3418;3372;2742;2266;2000;1655;2285;39230;19a
14;1586;1932;2285;2369;2700;2897;3007;3243;3330;3748;4667;4953;4536;3486;2647;2660;2322;2980;55348;19b
14;352;521;638;688;728;697;782;699;871;1035;1164;1270;1172;990;804;726;505;608;14250;19c
14;1087;1327;1444;1535;1402;1422;1639;1797;1917;2105;2339;2294;1901;1420;1049;909;628;659;26874;19d
14;471;609;678;680;709;809;914;934;1079;1098;1292;1356;1304;1089;884;757;593;825;16081;19e
14;43;51;79;92;82;68;58;75;85;113;127;150;140;103;118;123;104;106;1717;19f
14;1296;1744;1800;1671;1534;1512;1877;2100;2441;2783;2734;2661;2167;1506;1180;1036;712;721;31475;19g
14;111;123;175;207;222;187;179;196;197;269;342;353;289;236;202;170;138;133;3729;19h
15;387;488;578;698;633;643;598;675;740;848;1114;1180;1072;824;659;618;622;770;13147;20a
15;331;387;443;485;507;444;554;564;575;715;838;854;836;624;461;404;360;339;9721;20b
15;953;1231;1520;1678;1700;1724;1760;1753;2162;2540;2955;2887;2554;2050;1628;1537;1316;1565;33513;20c
15;523;683;905;1047;1019;927;874;909;1059;1305;1647;1883;1711;1232;942;893;824;1104;19487;20d
15;61;87;91;105;102;125;163;221;206;217;225;223;180;121;72;75;43;62;2379;20e
15;67;61;55;46;47;64;88;109;118;108;125;126;89;63;52;28;26;34;1306;20f
15;357;477;566;596;528;488;589;650;749;933;1075;991;884;636;555;471;372;445;11362;20g
15;624;788;1007;1180;1104;1058;1122;1166;1282;1566;1854;1828;1622;1255;994;899;619;750;20718;20h
15;289;443;530;541;505;476;485;549;666;749;856;817;623;497;402;343;276;258;9305;20i
15;142;189;190;197;206;202;213;261;263;317;355;347;275;197;160;162;118;106;3900;20l
15;665;824;1001;1039;1049;1275;1254;1398;1529;1597;1959;1949;1795;1418;1086;882;700;865;22285;20m
15;360;452;567;609;650;642;630;717;771;968;1057;992;866;663;526;457;316;343;11586;20n
15;0;2;4;0;2;1;4;2;1;7;4;9;3;3;0;0;3;1;46;20o
15;11;11;18;22;26;34;43;49;45;62;55;59;47;47;41;31;33;41;675;20x
