Popolazione maschile e femminile iscritta in anagrafe al 31 dicembre 2023 per zone urbanistiche e classi di età quinquennali,,,,,,,,,,,,,,,,,,,,
,,,,,,,,,,,,,,,,,,,,
Municipi,Zona urbanistiche Old,Classi quinquennali - maschi e femmine,,,,,,,,,,,,,,,,,,Totale
,,0-4,5-9,10-14,15-19,20-24,25-29,30-34,35-39,40-44,45-49,50-54,55-59,60-64,65-69,70-74,75-79,80-84,oltre,
I,01A,462,615,850,969,921,1.024,1.261,1.403,1.484,1.755,2.054,2.181,1.873,1.529,1.292,1.283,1.080,1.091,23.127
,01B,251,407,530,521,497,597,758,808,877,985,1.091,1.179,1.037,900,779,685,533,533,12.968
,01C,220,290,309,350,397,416,425,447,522,621,699,774,758,610,462,394,330,455,8.479
,01D,193,237,296,257,265,355,427,399,491,578,650,681,592,503,410,371,333,356,7.394
,01E,852,1.039,1.244,1.409,1.308,1.500,1.723,2.110,2.433,2.689,2.865,2.974,2.592,2.071,1.852,1.566,1.231,1.357,32.815
,01F,171,244,323,326,352,423,477,494,581,651,788,782,652,528,461,464,427,478,8.622
,01G,88,118,159,159,167,168,154,227,230,260,337,370,297,249,216,216,177,182,3.774
,01X,11,12,12,21,15,21,30,55,59,73,65,72,71,54,29,31,27,34,692
,17A,407,562,662,710,743,689,739,784,1.024,1.200,1.407,1.568,1.358,1.239,1.128,1.017,869,943,17.049
,17B,627,889,1.155,1.227,1.085,1.094,1.156,1.154,1.330,1.795,2.213,2.266,2.071,1.686,1.543,1.434,1.250,1.462,25.437
,17C,543,616,734,669,690,861,1.017,1.065,1.254,1.399,1.538,1.525,1.419,1.211,1.018,1.014,917,1.085,18.575
,n.l.,40,55,48,44,95,589,777,784,527,370,305,233,204,183,123,63,32,16,4.488
,Totale municipio,3.865,5.084,6.322,6.662,6.535,7.737,8.944,9.730,10.812,12.376,14.012,14.605,12.924,10.763,9.313,8.538,7.206,7.992,163.420
II,02A,95,116,157,154,90,109,132,134,184,237,250,239,218,231,170,127,86,121,2.850
,02B,595,805,1.078,1.106,1.170,1.020,902,952,1.267,1.564,2.011,1.997,1.741,1.386,1.150,1.029,940,1.081,21.794
,02C,341,467,613,643,560,520,530,594,682,892,1.103,1.208,998,855,675,648,623,742,12.694
,02D,726,928,1.240,1.270,1.304,1.182,1.110,1.203,1.340,1.833,2.189,2.320,2.016,1.709,1.365,1.276,1.144,1.222,25.377
,02E,1.621,2.097,2.388,2.524,2.422,2.458,2.700,2.789,3.137,3.609,4.282,4.261,3.807,3.156,2.885,2.540,2.251,2.718,51.645
,02X,19,21,30,27,31,25,25,40,53,43,54,63,47,44,29,23,26,30,630
,02Y,33,38,46,41,36,28,48,43,53,55,73,76,68,60,47,42,33,45,865
,03A,1.198,1.476,1.717,1.690,1.771,2.106,2.190,2.144,2.256,2.676,3.056,2.964,2.743,2.389,2.155,2.081,1.741,1.894,38.247
,03B,261,289,274,250,348,549,643,682,658,752,671,666,596,516,455,394,304,365,8.673
,03X,19,22,21,28,46,62,74,63,62,68,71,69,71,50,47,41,27,28,869
,03Y,7,2,5,3,8,16,16,17,16,17,14,16,23,18,16,7,9,17,227
,n.l.,19,23,21,21,33,91,75,104,83,66,63,63,55,58,47,35,13,6,876
,Totale municipio,4.934,6.284,7.590,7.757,7.819,8.166,8.445,8.765,9.791,11.812,13.837,13.942,12.383,10.472,9.041,8.243,7.197,8.269,164.747
III,04A,535,625,667,668,688,767,872,1.078,1.082,1.169,1.244,1.354,1.282,1.103,908,750,596,740,16.128
,04B,1.228,1.505,1.764,1.813,1.478,1.383,1.622,1.876,2.197,2.845,3.254,2.976,2.354,1.805,1.923,2.308,2.086,1.876,36.293
,04C,1.027,1.389,1.620,1.653,1.512,1.514,1.557,1.700,2.021,2.438,2.904,2.996,2.452,1.968,1.709,1.650,1.510,1.984,33.604
,04D,401,511,552,592,538,551,651,750,813,920,953,955,895,735,569,479,391,410,11.666
,04E,1.092,1.333,1.439,1.289,1.149,1.402,1.918,2.042,2.179,2.722,2.596,2.405,2.261,2.277,2.001,1.615,1.130,924,31.774
,04F,538,620,683,737,627,674,754,889,951,1.172,1.384,1.268,1.020,860,658,621,428,387,14.271
,04G,745,794,757,795,742,859,1.068,1.209,1.291,1.366,1.499,1.479,1.291,1.109,987,1.002,937,1.085,19.015
,04H,412,375,397,398,411,510,733,775,789,770,753,759,719,637,484,431,355,458,10.166
,04I,333,439,589,639,644,667,750,762,822,994,1.183,1.279,1.126,915,722,613,514,720,13.711
,04L,61,79,101,89,98,89,107,98,124,156,167,181,122,113,96,83,76,83,1.923
,04M,204,207,261,255,255,250,336,370,391,463,472,436,396,325,222,196,168,184,5.391
,04N,267,406,409,454,375,368,374,448,550,640,670,672,513,385,331,281,190,191,7.524
,04O,12,28,34,29,32,37,31,47,50,58,69,57,58,48,38,29,25,27,709
,n.l.,76,59,58,40,65,59,85,84,83,109,110,120,92,71,61,32,13,4,1.221
,Totale municipio,6.931,8.370,9.331,9.451,8.614,9.130,10.858,12.128,13.343,15.822,17.258,16.937,14.581,12.351,10.709,10.090,8.419,9.073,203.396
IV (**),05A,542,589,565,529,594,906,1.084,1.159,1.182,1.185,1.161,1.242,1.049,856,724,769,693,824,15.653
,05B,668,732,803,792,870,1.072,1.286,1.371,1.409,1.601,1.683,1.588,1.391,1.261,1.339,1.264,1.032,962,21.124
,05C,665,746,815,870,861,1.016,1.266,1.323,1.308,1.480,1.619,1.578,1.517,1.212,1.046,954,918,978,20.172
,05D,621,884,975,996,964,979,1.076,1.151,1.284,1.412,1.552,1.532,1.652,1.798,1.829,1.619,1.022,795,22.141
,05E,620,927,1.123,1.238,1.318,1.333,1.344,1.200,1.297,1.584,1.978,2.383,2.252,1.704,1.246,999,745,840,24.131
,05F,51,64,40,24,29,53,68,107,114,90,48,46,34,22,19,11,9,17,846
,05G,459,427,449,487,548,770,912,889,919,1.038,1.118,1.021,910,756,632,728,705,758,13.526
,05H,767,1.030,1.101,1.106,1.070,1.256,1.321,1.506,1.637,1.825,1.974,1.952,1.859,1.917,1.755,1.584,1.188,996,25.844
,05I,298,412,610,759,793,631,485,464,540,835,1.155,1.287,804,436,290,290,216,158,10.463
,05L,462,598,649,642,602,662,801,883,900,1.085,1.095,980,882,741,524,467,328,337,12.638
,n.l.,84,85,71,63,71,199,246,228,198,147,150,129,119,108,44,26,13,8,1.989
,Totale municipio,5.237,6.494,7.201,7.506,7.720,8.877,9.889,10.281,10.788,12.282,13.533,13.738,12.469,10.811,9.448,8.711,6.869,6.673,168.527
V (**),05F,51,62,94,104,103,70,89,104,132,136,146,180,151,119,119,98,76,49,1.883
,05L,1,0,1,3,1,1,4,1,2,3,2,4,2,3,2,1,0,4,35
,06A,1.586,1.810,1.815,1.664,1.865,2.512,3.096,3.571,3.980,3.840,3.757,3.813,3.311,2.696,1.978,1.833,1.608,2.186,46.921
,06B,306,372,450,462,439,466,484,556,653,736,766,815,657,652,738,788,537,518,10.395
,06C,720,873,854,837,868,1.096,1.289,1.678,1.831,1.970,1.786,1.702,1.345,1.089,842,699,587,756,20.822
,06D,1.287,1.509,1.716,1.751,1.810,1.997,2.160,2.435,2.624,2.928,3.238,3.466,3.273,2.431,2.061,1.934,1.819,2.493,40.932
,07A,1.869,2.205,2.126,2.170,2.310,2.693,3.369,3.801,4.215,4.406,4.203,4.394,3.940,2.993,2.359,2.009,1.825,2.377,53.264
,07B,888,1.073,1.250,1.235,1.232,1.336,1.465,1.634,1.908,2.133,2.246,2.210,1.916,1.493,1.201,1.031,906,1.073,26.230
,07C,422,544,595,625,581,623,727,735,833,918,1.026,1.031,857,753,640,549,479,549,12.487
,07D,366,424,484,542,511,525,568,564,634,670,772,862,804,619,546,392,287,332,9.902
,07E,390,453,498,442,421,506,597,600,637,731,773,802,829,869,718,601,430,377,10.674
,07F,36,38,38,55,47,50,53,60,75,68,89,84,77,47,36,20,21,35,929
,07G,33,52,70,74,66,72,64,92,117,108,139,119,67,45,46,26,18,25,1.233
,07H,83,144,129,90,63,121,172,194,251,292,196,144,125,80,53,44,27,14,2.222
,08D,39,51,49,35,34,36,41,55,66,68,55,45,43,40,11,14,13,9,704
,n.l.,116,124,105,92,99,149,201,262,275,244,194,223,166,112,87,45,23,15,2.532
,Totale municipio,8.193,9.734,10.274,10.181,10.450,12.253,14.379,16.342,18.233,19.251,19.388,19.894,17.563,14.041,11.437,10.084,8.656,10.812,241.165
VI(*) (**),08B,307,357,420,383,261,301,412,453,552,673,661,489,321,243,215,174,115,108,6.445
,08C,686,737,862,995,984,1.023,1.214,1.191,1.224,1.457,1.603,1.737,1.462,1.050,925,861,708,811,19.530
,08D,718,874,968,1.028,1.028,1.154,1.313,1.362,1.467,1.676,1.636,1.634,1.332,1.048,940,739,607,627,20.151
,08E,1.716,2.229,2.474,1.993,1.732,1.859,2.462,2.981,3.308,3.806,3.278,2.667,2.189,1.730,1.359,1.128,720,606,38.237
,08F,3.266,4.079,4.714,4.797,4.589,4.698,5.102,5.858,6.269,7.096,7.164,6.817,6.086,5.046,4.073,3.272,2.407,2.172,87.505
,08G,2.154,2.714,2.891,2.922,2.900,2.983,3.368,3.570,3.982,4.336,4.595,4.187,3.447,2.515,2.040,1.752,1.291,1.097,52.744
,08H,654,858,937,819,701,698,828,1.018,1.222,1.327,1.282,1.047,871,699,507,451,281,220,14.420
,n.l.,142,153,133,118,143,254,276,296,238,247,252,239,211,131,86,50,35,12,3.016
,Totale municipio,9.643,12.001,13.399,13.055,12.338,12.970,14.975,16.729,18.262,20.618,20.471,18.817,15.919,12.462,10.145,8.427,6.164,5.653,242.048
VII(*),08A,434,545,592,605,640,690,795,743,765,852,1.048,1.210,1.163,933,625,530,530,858,13.558
,09A,590,709,822,798,837,1.059,1.270,1.371,1.468,1.555,1.816,1.704,1.557,1.383,1.235,1.131,896,1.015,21.216
,09B,1.435,1.764,1.925,1.973,1.947,2.261,2.653,2.786,3.306,3.583,3.940,3.941,3.184,2.730,2.395,2.351,2.119,2.541,46.834
,09C,82,106,107,104,110,100,157,172,218,210,213,205,148,126,92,62,46,47,2.305
,09D,857,958,1.009,1.024,1.077,1.302,1.610,1.610,1.776,1.973,2.134,2.337,2.058,1.772,1.585,1.353,1.147,1.370,26.952
,09E,673,852,926,952,915,1.080,1.135,1.250,1.462,1.705,1.856,1.911,1.767,1.435,1.106,1.059,971,1.233,22.288
,10A,1.559,1.740,1.878,1.917,2.099,2.395,2.904,3.089,3.294,3.558,3.876,4.030,3.510,2.815,2.391,2.514,2.380,3.117,49.066
,10B,850,1.040,1.150,1.289,1.294,1.298,1.529,1.675,1.819,2.114,2.206,2.459,2.230,1.930,1.569,1.342,1.231,1.634,28.659
,10C,321,450,552,563,463,431,489,568,633,881,998,948,780,587,556,537,410,475,10.642
,10D,200,256,292,326,294,295,314,319,400,492,523,593,531,433,351,319,266,334,6.538
,10E,169,248,320,342,254,247,279,266,346,528,589,462,364,251,197,160,115,98,5.235
,10F,568,688,703,693,687,828,1.086,1.188,1.194,1.231,1.212,1.300,1.540,1.727,1.456,1.115,723,618,18.557
,10G,284,358,376,357,363,433,526,562,605,667,691,593,540,391,292,209,168,178,7.593
,10H,259,328,389,364,392,380,433,432,521,621,610,562,481,373,331,280,239,217,7.212
,10I,303,510,721,828,666,500,483,507,675,1.073,1.354,1.063,742,474,355,317,226,211,11.008
,10L,1.134,1.406,1.663,1.778,1.673,1.557,1.763,1.904,2.185,2.523,2.929,2.860,2.408,1.869,1.636,1.445,978,902,32.613
,10X,27,13,15,10,15,17,13,20,15,14,17,17,11,4,6,2,2,3,221
,n.l.,87,99,89,94,91,148,212,281,241,247,222,239,195,166,120,79,38,19,2.667
,Totale municipio,9.832,12.070,13.529,14.017,13.817,15.021,17.651,18.743,20.923,23.827,26.234,26.434,23.209,19.399,16.298,14.805,12.485,14.870,313.164
VIII,11A,213,245,254,260,280,410,525,549,550,619,620,643,520,373,346,359,307,325,7.398
,11B,255,281,281,301,319,377,431,467,451,523,593,609,599,478,377,330,358,452,7.482
,11C,1.307,1.445,1.658,1.771,1.768,2.038,2.315,2.595,2.733,3.189,3.574,3.663,3.255,2.654,2.244,2.139,2.053,2.377,42.778
,11D,147,183,265,310,266,219,208,214,274,377,476,488,413,323,254,258,289,348,5.312
,11E,1.061,1.328,1.640,1.571,1.401,1.449,1.603,1.860,2.137,2.635,2.790,2.794,2.425,2.041,1.718,1.620,1.403,1.668,33.144
,11F,335,449,570,626,524,576,558,630,740,893,1.069,993,867,786,749,692,506,465,12.028
,11G,439,549,760,842,675,619,636,686,862,1.114,1.242,1.207,1.015,1.038,1.145,1.195,868,660,15.552
,11X,71,93,108,149,135,139,138,161,140,203,280,274,217,196,138,108,96,100,2.746
,11Y,22,31,41,44,44,36,31,41,43,61,55,70,57,49,34,27,10,16,712
,n.l.,38,36,24,18,45,97,99,96,82,59,79,63,60,42,29,15,10,4,896
,Totale municipio,3.888,4.640,5.601,5.892,5.457,5.960,6.544,7.299,8.012,9.673,10.778,10.804,9.428,7.980,7.034,6.743,5.900,6.415,128.048
IX,12A,247,359,445,516,455,451,376,382,518,619,771,862,843,551,441,400,365,582,9.183
,12B,304,401,509,541,498,454,477,538,546,751,878,896,721,610,482,465,409,552,10.032
,12C,1.224,1.526,1.908,2.146,2.072,2.007,1.898,2.061,2.422,2.831,3.487,3.944,3.411,2.534,2.154,1.737,1.484,1.397,40.243
,12D,661,856,993,1.085,1.123,1.028,1.089,1.172,1.309,1.690,1.941,1.931,1.668,1.514,1.524,1.506,1.297,1.155,23.542
,12E,474,629,756,771,726,748,730,838,971,1.111,1.175,1.171,1.061,889,916,861,714,541,15.082
,12F,796,927,991,830,637,637,981,1.197,1.331,1.569,1.479,1.236,916,703,601,468,347,344,15.990
,12G,699,944,1.063,1.133,1.131,1.110,1.113,1.256,1.355,1.521,1.759,1.983,1.966,1.790,1.493,1.178,1.037,1.155,23.686
,12H,1.061,1.298,1.575,1.870,1.784,1.811,1.967,2.114,2.156,2.488,2.983,2.841,2.089,1.527,1.259,1.045,729,692,31.289
,12I,390,450,455,471,446,434,465,486,586,700,751,724,571,412,338,278,200,201,8.358
,12L,92,141,187,200,163,171,180,189,249,275,306,282,220,178,158,150,76,82,3.299
,12M,7,11,14,5,14,15,14,18,24,16,24,24,30,19,12,9,12,14,282
,12N,62,83,79,91,78,64,69,84,91,121,127,105,91,62,61,60,42,20,1.390
,12X,0,0,0,0,0,0,0,1,0,3,1,0,0,1,1,2,0,0,9
,n.l.,32,54,28,35,22,21,47,43,56,49,53,56,56,44,24,11,12,1,644
,Totale municipio,6.049,7.679,9.003,9.694,9.149,8.951,9.406,10.379,11.614,13.744,15.735,16.055,13.643,10.834,9.464,8.170,6.724,6.736,183.029
X,13A,591,809,976,939,828,774,920,1.011,1.281,1.672,1.939,1.631,1.118,830,672,570,451,340,17.352
,13B,969,1.277,1.482,1.465,1.477,1.426,1.518,1.588,1.912,2.217,2.289,2.378,2.033,1.574,1.233,1.103,830,800,27.571
,13C,879,1.108,1.416,1.373,1.324,1.293,1.331,1.443,1.704,2.037,2.266,2.278,1.862,1.482,1.183,1.039,813,805,25.636
,13D,657,1.037,1.422,1.570,1.579,1.338,1.133,1.092,1.432,1.993,2.546,2.507,1.962,1.424,1.339,1.437,1.478,1.195,27.141
,13E,632,874,1.111,1.011,954,854,923,1.022,1.242,1.557,1.638,1.511,1.276,976,797,643,498,407,17.926
,13F,1.142,1.615,1.932,2.059,1.984,1.957,1.956,2.104,2.460,3.287,3.612,3.745,3.242,2.707,2.367,2.316,1.945,1.805,42.235
,13G,929,1.326,1.640,1.749,1.750,1.675,1.576,1.796,2.053,2.637,3.128,3.307,2.757,2.174,1.995,1.861,1.597,1.692,35.642
,13H,44,50,54,69,75,83,79,66,85,109,133,146,137,103,107,70,46,43,1.499
,13I,1.015,1.375,1.895,2.046,1.878,1.565,1.379,1.592,1.828,2.612,3.221,2.883,2.170,1.449,1.260,1.200,841,723,30.932
,13X,1,4,12,12,4,8,6,5,6,13,19,25,7,1,2,2,0,0,127
,n.l.,41,48,35,58,37,46,50,67,99,125,140,142,151,107,77,46,26,16,1.311
,Totale municipio,6.900,9.523,11.975,12.351,11.890,11.019,10.871,11.786,14.102,18.259,20.931,20.553,16.715,12.827,11.032,10.287,8.525,7.826,227.372
XI,15A,1.128,1.240,1.337,1.457,1.452,1.626,1.939,2.100,2.315,2.656,2.961,2.837,2.306,1.693,1.472,1.650,1.529,1.688,33.386
,15B,838,1.098,1.267,1.370,1.324,1.167,1.318,1.368,1.635,2.118,2.566,2.480,2.094,1.679,1.473,1.520,1.549,1.654,28.518
,15C,680,872,1.042,1.084,1.116,1.106,1.169,1.236,1.419,1.853,2.242,2.069,1.641,1.273,1.219,1.417,1.256,1.018,23.712
,15D,885,1.118,1.369,1.375,1.465,1.460,1.598,1.622,1.835,2.223,2.483,2.599,2.210,1.991,1.579,1.367,1.056,1.069,29.304
,15E,279,368,404,403,319,265,312,322,413,528,656,434,290,167,133,127,82,56,5.558
,15F,483,631,688,799,719,688,757,829,984,1.252,1.570,1.423,1.124,869,798,827,757,689,15.887
,15G,563,810,838,742,642,664,840,978,1.161,1.432,1.353,1.101,754,598,419,402,261,243,13.801
,n.l.,63,65,56,51,62,93,107,117,101,119,107,114,100,74,46,21,10,7,1.313
,Totale municipio,4.919,6.202,7.001,7.281,7.099,7.069,8.040,8.572,9.863,12.181,13.938,13.057,10.519,8.344,7.139,7.331,6.500,6.424,151.479
XII,16A,1.009,1.299,1.564,1.720,1.538,1.546,1.520,1.553,1.957,2.491,3.127,3.135,2.790,2.218,1.823,1.806,1.798,2.144,35.038
,16B,814,1.176,1.383,1.444,1.379,1.381,1.471,1.579,1.854,2.321,2.759,2.816,2.311,1.889,1.567,1.560,1.424,1.540,30.668
,16C,195,162,196,233,255,375,450,424,375,430,464,459,423,296,212,152,112,112,5.325
,16D,1.543,1.901,2.250,2.279,2.221,2.388,2.554,2.737,3.272,3.825,4.427,4.548,4.056,3.597,3.052,2.675,2.388,2.963,52.676
,16E,340,425,466,513,524,488,503,539,609,755,828,811,659,511,355,336,243,267,9.172
,16F,200,286,346,328,298,309,362,374,415,500,572,520,407,297,273,181,159,143,5.970
,16X,1,0,0,0,0,5,7,6,14,23,20,18,15,18,9,8,15,31,190
,n.l.,18,27,17,31,33,74,80,74,76,59,48,58,50,31,22,8,3,1,710
,Totale municipio,4.120,5.276,6.222,6.548,6.248,6.566,6.947,7.286,8.572,10.404,12.245,12.365,10.711,8.857,7.313,6.726,6.142,7.201,139.749
XIII,18A,646,819,1.023,1.065,1.090,1.072,1.046,1.198,1.459,1.722,2.111,2.279,1.873,1.537,1.324,1.336,1.188,1.366,24.154
,18B,1.019,1.133,1.448,1.611,1.464,1.528,1.783,1.940,2.253,2.534,3.158,3.090,2.447,1.866,1.466,1.449,1.315,1.693,33.197
,18C,1.079,1.236,1.399,1.555,1.461,1.432,1.701,1.901,1.917,2.284,2.617,2.609,2.248,1.841,1.448,1.243,956,881,29.808
,18D,455,623,675,807,818,797,851,927,1.042,1.200,1.440,1.644,1.344,1.087,996,935,878,1.182,17.701
,18E,616,824,854,827,821,888,1.067,1.092,1.187,1.342,1.412,1.459,1.246,1.059,904,714,557,571,17.440
,18F,248,375,452,471,424,407,391,449,520,631,733,741,592,444,340,269,233,193,7.913
,n.l.,26,25,38,20,30,62,63,56,67,63,68,53,70,66,47,13,6,2,775
,Totale municipio,4.089,5.035,5.889,6.356,6.108,6.186,6.902,7.563,8.445,9.776,11.539,11.875,9.820,7.900,6.525,5.959,5.133,5.888,130.988
XIV,19A,1.238,1.457,1.791,1.970,1.909,1.807,1.826,1.922,2.185,2.604,3.227,3.590,3.244,2.707,2.199,1.968,1.734,2.257,39.635
,19B,1.677,2.021,2.245,2.429,2.666,2.922,3.038,3.202,3.378,3.905,4.819,5.129,4.300,3.317,2.656,2.724,2.449,2.893,55.770
,19C,393,593,680,750,745,712,770,769,947,1.146,1.256,1.345,1.135,993,803,716,509,589,14.851
,19D,1.110,1.394,1.445,1.482,1.369,1.394,1.642,1.856,1.949,2.195,2.308,2.223,1.785,1.324,1.040,844,636,605,26.601
,19E,504,625,687,668,721,843,885,992,1.087,1.165,1.329,1.344,1.296,1.102,870,743,622,811,16.294
,19F,35,56,90,95,71,62,62,74,91,112,143,155,148,89,123,122,108,110,1.746
,19G,1.365,1.836,1.732,1.638,1.510,1.525,1.882,2.092,2.529,2.852,2.718,2.607,2.009,1.443,1.172,963,753,638,31.264
,19H,114,145,173,208,211,194,177,194,215,284,349,347,273,229,207,164,148,122,3.754
,n.l.,38,54,38,40,27,54,68,56,81,81,85,91,90,48,45,20,14,10,940
,Totale municipio,6.474,8.181,8.881,9.280,9.229,9.513,10.350,11.157,12.462,14.344,16.234,16.831,14.280,11.252,9.115,8.264,6.973,8.035,190.855
XV,20A,423,483,583,695,644,639,583,684,769,884,1.159,1.200,1.037,819,626,637,640,753,13.258
,20B,349,377,488,503,483,461,558,559,595,728,898,865,823,610,459,400,369,324,9.849
,20C,995,1.228,1.502,1.679,1.622,1.663,1.690,1.767,2.154,2.543,2.919,2.824,2.366,1.960,1.574,1.476,1.330,1.455,32.747
,20D,532,709,941,1.064,950,959,841,920,1.069,1.346,1.727,1.891,1.595,1.171,938,880,858,1.067,19.458
,20E,76,112,125,142,146,145,201,229,242,267,288,278,216,155,107,98,93,89,3.009
,20F,63,57,59,42,47,61,88,110,108,112,128,120,76,68,39,35,22,37,1.272
,20G,397,486,588,558,543,505,606,655,768,1.007,1.046,1.011,832,613,525,460,382,423,11.405
,20H,626,828,1.016,1.154,1.077,1.052,1.107,1.171,1.338,1.625,1.865,1.840,1.598,1.191,1.000,878,654,716,20.736
,20I,336,473,541,517,511,471,474,616,689,793,877,804,587,474,405,320,269,230,9.387
,20L,152,182,204,195,203,200,218,256,278,315,362,331,255,176,181,151,113,105,3.877
,20M,688,878,946,1.023,1.131,1.236,1.209,1.396,1.530,1.663,1.992,1.878,1.753,1.346,1.043,845,746,821,22.124
,20N,379,471,600,606,635,616,668,719,795,1.023,1.047,952,810,647,520,432,327,328,11.575
,20O,0,2,4,1,1,1,4,3,1,6,4,9,2,2,0,0,3,1,44
,20X,13,14,19,23,23,29,46,43,48,59,58,54,39,52,39,25,35,43,662
,n.l.,47,51,43,68,55,54,66,68,62,78,75,69,64,43,35,15,13,4,910
,Totale municipio,5.076,6.351,7.659,8.270,8.071,8.092,8.359,9.196,10.446,12.449,14.445,14.126,12.053,9.327,7.491,6.652,5.854,6.396,160.313
Non localizzati,,92,133,107,64,55,90,139,141,122,142,137,115,91,75,54,38,46,83,1.724
Roma,Roma,90.242,113.057,129.984,134.365,130.599,137.600,152.699,166.097,185.790,216.960,240.715,240.148,206.308,167.695,141.558,129.068,108.793,118.346,2.810.024
,,,,,,,,,,,,,,,,,,,,
Dati di Fonte Anagrafica,,,,,,,,,,,,,,,,,,,,
Elaborazioni Ufficio di Statistica,,,,,,,,,,,,,,,,,,,,
(*) Con Deliberazione n.2 dell'Assemblea Capitolina del 14/01/2021 sono stati modificati parzialmente i confini dei municipi VI e VII. Pertanto l'intera Zone Urbanistica 08A è passata dal municipio VI al Municipio VII,,,,,,,,,,,,,,,,,,,,
,,,,,,,,,,,,,,,,,,,,
,,,,,,,,,,,,,,,,,,,,
"(**) Con Deliberazione n.4 dell'Assemblea Capitolina del 12/01/2023 sono stati modificati parzialmente i confini dei municipi IV, V e VI. Pertanto:
- parte della Zona Urbanistica 5F del Municipio IV è confluita nel Municipio V 
- parte della Zona Urbanistica 5L del Municipio IV è confluita nel Municipio V 
- parte della Zona Urbanistica 8D del Municipio VI è confluita nel Municipio V ",,,,,,,,,,,,,,,,,,,,